{
    "qa_accuracy": {
        "f1_score": 0.5144735022448205,
        "exact_match_score": 0.0,
        "quasi_exact_match_score": 0.0,
        "precision_over_words": 0.6730554187451324,
        "recall_over_words": 0.42662167078550783
    },
    "classification_accuracy": {
        "classification_accuracy_score": 0.6146788990825688,
        "balanced_accuracy_score": 0.6146788990825688,
        "precision_score": 0.6146788990825688,
        "recall_score": 0.6146788990825688
    }
}